Timestamp,Day,Participant,Location Coordinates,HRV
2023-01-13 15:38:50,Friday,2,"52.3040027, 10.546163",27.8664298132
2023-01-13 15:39:00,Friday,2,"52.3040027, 10.546163",27.8664298132
2023-01-13 15:39:10,Friday,2,"52.30388545, 10.5454866",27.8664298132
2023-01-13 15:39:20,Friday,2,"52.3036512, 10.544319",27.93278959586
2023-01-13 15:39:30,Friday,2,"52.3034537, 10.5432455",28.1982287265
2023-01-13 15:39:40,Friday,2,"52.30330225, 10.5422165",28.1982287265
2023-01-13 15:39:50,Friday,2,"52.3031833, 10.5413023",28.87790872824
2023-01-13 15:40:00,Friday,2,"52.3028966, 10.5407134",31.5966287352
2023-01-13 15:40:30,Friday,2,"52.302586, 10.5407534",37.2491561135
2023-01-13 15:40:40,Friday,2,"52.30214814, 10.54098115",37.2491561135
2023-01-13 15:40:50,Friday,2,"52.30138219, 10.54133518",37.1879815144
2023-01-13 15:41:00,Friday,2,"52.30071415, 10.54162229",36.943283118
2023-01-13 15:41:10,Friday,2,"52.29994082, 10.54199415",36.943283118
2023-01-13 15:41:20,Friday,2,"52.29932376, 10.54231164",37.16920655468
2023-01-13 15:41:30,Friday,2,"52.2991714, 10.5423813",38.0729003014
2023-01-13 15:41:40,Friday,2,"52.2989626, 10.5424279",38.0729003014
2023-01-13 15:41:50,Friday,2,"52.29869901, 10.54253037",38.06710612296
2023-01-13 15:42:00,Friday,2,"52.29782042, 10.54232564",38.0439294092
2023-01-13 15:42:10,Friday,2,"52.29704501, 10.54139724",38.0439294092
2023-01-13 15:42:20,Friday,2,"52.29649154, 10.54086027",37.65126082458
2023-01-13 15:42:30,Friday,2,"52.29579787, 10.54055242",36.0805864861
2023-01-13 15:42:40,Friday,2,"52.2948217, 10.54031138",36.0805864861
2023-01-13 15:42:50,Friday,2,"52.2935171, 10.5400082",36.8421874624
2023-01-13 15:42:50,Friday,2,"52.2939734, 10.54009685",36.0805864861
2023-01-13 15:43:00,Friday,2,"52.29293924, 10.53989609",36.8421874624
2023-01-13 15:43:10,Friday,2,"52.29188596, 10.53969013",36.8421874624
2023-01-13 15:43:20,Friday,2,"52.291185, 10.53953",36.8421874624
2023-01-13 15:43:20,Friday,2,"52.2907436625, 10.539445575",36.2808076437
2023-01-13 15:43:30,Friday,2,"52.289781, 10.53925127",34.5966681876
2023-01-13 15:43:40,Friday,2,"52.28867517, 10.53896985",34.5966681876
2023-01-13 15:43:50,Friday,2,"52.28773626, 10.53874488",34.14881542162
2023-01-13 15:44:00,Friday,2,"52.2873851, 10.5386921",32.3574043577
2023-01-13 15:44:10,Friday,2,"52.2872037, 10.5386613",32.3574043577
2023-01-13 15:44:20,Friday,2,"52.28682937, 10.53856103",31.78100702234
2023-01-13 15:44:30,Friday,2,"52.2865326, 10.5384894",29.4754176809
2023-01-13 15:44:50,Friday,2,"52.2863276, 10.5384658",29.20112332745
2023-01-13 15:45:00,Friday,2,"52.28589292, 10.53838506",28.926828974
2023-01-13 15:45:10,Friday,2,"52.28497968, 10.53816639",28.926828974
2023-01-13 15:45:20,Friday,2,"52.28419262, 10.5379495",29.15720564098
2023-01-13 15:45:30,Friday,2,"52.2840194, 10.5379098",30.0787123089
2023-01-13 15:45:50,Friday,2,"52.28369295, 10.53786395",30.28107840406
2023-01-13 15:46:00,Friday,2,"52.28297215, 10.53768115",31.0905427847
2023-01-13 15:46:10,Friday,2,"52.2824852375, 10.5375890125",31.0905427847
2023-01-13 15:46:20,Friday,2,"52.2817791875, 10.5374214375",31.26668106545
2023-01-13 15:46:20,Friday,2,"52.2823263, 10.5375557",31.0905427847
2023-01-13 15:46:30,Friday,2,"52.28108824, 10.53697447",31.7950959077
2023-01-13 15:46:40,Friday,2,"52.2804993666667, 10.5365481",31.7950959077
2023-01-13 15:46:40,Friday,2,"52.2800877, 10.536312725",31.7950959077
2023-01-13 15:46:50,Friday,2,"52.27954072, 10.5359748",31.34829756048
2023-01-13 15:47:00,Friday,2,"52.27867265, 10.53540982",29.5611041716
2023-01-13 15:47:10,Friday,2,"52.27782816, 10.53494827",29.5611041716
2023-01-13 15:47:20,Friday,2,"52.2773090428571, 10.5348394142857",29.5611041716
2023-01-13 15:47:50,Friday,2,"52.2770304, 10.5348351",32.51101861166
2023-01-13 15:48:00,Friday,2,"52.2765376, 10.53499445",33.776923376
2023-01-13 15:48:10,Friday,2,"52.27605725, 10.5352211",33.776923376
2023-01-13 15:48:40,Friday,2,"52.2757627, 10.5353409",32.8389296502
2023-01-13 15:48:50,Friday,2,"52.27530405, 10.53560825",33.72582689126
2023-01-13 15:49:00,Friday,2,"52.2749792, 10.5358044",37.2734158555
2023-01-13 15:49:20,Friday,2,"52.274765, 10.5359198",36.370466971
2023-01-13 15:49:30,Friday,2,"52.27453718, 10.53607052",36.370466971
2023-01-13 15:49:40,Friday,2,"52.2738801333333, 10.5364206111111",36.370466971
2023-01-13 15:49:50,Friday,2,"52.2735622, 10.5365557",36.370466971
2023-01-13 15:50:20,Friday,2,"52.2733791, 10.5366062",37.9706215452
2023-01-13 15:50:30,Friday,2,"52.2730482555556, 10.5367690666667",38.7342578718
2023-01-13 15:50:40,Friday,2,"52.2727452, 10.5369297333333",38.7342578718
2023-01-13 15:51:10,Friday,2,"52.2724987, 10.5371022",39.1648781615
2023-01-13 15:51:20,Friday,2,"52.2723726444444, 10.5372076444444",39.2281128606556
2023-01-13 15:51:30,Friday,2,"52.27206045, 10.5374021666667",39.7339904539
2023-01-13 15:51:40,Friday,2,"52.27166638, 10.53765084",39.7339904539
2023-01-13 15:51:50,Friday,2,"52.27100041, 10.53809599",38.91625395534
2023-01-13 15:52:00,Friday,2,"52.27045512, 10.53843651",35.6453079611
2023-01-13 15:52:10,Friday,2,"52.2699208, 10.53875368",35.6453079611
2023-01-13 15:52:20,Friday,2,"52.26935431, 10.53908275",35.18868709376
2023-01-13 15:52:30,Friday,2,"52.2689179, 10.5392752",33.3622036244
2023-01-13 15:52:40,Friday,2,"52.2685612142857, 10.5394619857143",33.3622036244
2023-01-13 15:52:50,Friday,2,"52.26815985, 10.53972669",33.1204549576
2023-01-13 15:53:00,Friday,2,"52.2679085, 10.5399334",32.1534602904
2023-01-13 15:53:10,Friday,2,"52.2677353, 10.5400541",32.1534602904
2023-01-13 15:53:20,Friday,2,"52.26754941, 10.5401565",32.34260398632
2023-01-13 15:53:30,Friday,2,"52.2670400666667, 10.5404425444444",33.09917877
2023-01-13 15:53:40,Friday,2,"52.2666442666667, 10.5406599444444",33.09917877
2023-01-13 15:53:50,Friday,2,"52.26602162, 10.54096513",34.18346056824
2023-01-13 15:54:00,Friday,2,"52.2651983, 10.54151319",38.5205877612
2023-01-13 15:54:10,Friday,2,"52.26441442, 10.54207578",38.5205877612
2023-01-13 15:54:20,Friday,2,"52.26379635, 10.54248989",39.17703052828
2023-01-13 15:54:30,Friday,2,"52.2634511428571, 10.5426448428571",41.8028015966
2023-01-13 15:54:40,Friday,2,"52.2630190777778, 10.5428335777778",41.8028015966
2023-01-13 15:55:10,Friday,2,"52.2627089, 10.5429445",40.0312527505
2023-01-13 15:55:20,Friday,2,"52.26226395, 10.5429939",39.44221977108
2023-01-13 15:55:30,Friday,2,"52.26141775, 10.54268375",37.0860878534
2023-01-13 15:55:40,Friday,2,"52.26059365, 10.54181095",37.0860878534
2023-01-13 15:55:50,Friday,2,"52.25986545, 10.5411424",36.63924282746
2023-01-13 15:56:30,Friday,2,"52.2595541, 10.5410208",32.7536334929
2023-01-13 15:56:40,Friday,2,"52.25933816, 10.5409007",32.7536334929
2023-01-13 15:56:50,Friday,2,"52.25858701, 10.54053186",32.73369426658
2023-01-13 15:57:00,Friday,2,"52.25761312, 10.54025841",32.6539373613
2023-01-13 15:57:10,Friday,2,"52.25656997, 10.53999299",32.6539373613
2023-01-13 15:57:20,Friday,2,"52.2558427, 10.5398089",32.6539373613
2023-01-13 15:57:20,Friday,2,"52.2553534625, 10.5396077125",31.922879568375
2023-01-13 15:57:30,Friday,2,"52.2544502, 10.5391032",29.7297061896
2023-01-18 06:22:20,Wednesday,1,"52.15915906, 10.53301123",
2023-01-18 06:22:30,Wednesday,1,"52.15915906, 10.53301123",
2023-01-18 06:22:40,Wednesday,1,"52.15915906, 10.53301123",
2023-01-18 06:22:50,Wednesday,1,"52.15915906, 10.53301123",
2023-01-18 06:23:00,Wednesday,1,"52.159159706, 10.533010248",23.7825228302
2023-01-18 06:23:10,Wednesday,1,"52.159173882, 10.532950589",23.7825228302
2023-01-18 06:23:20,Wednesday,1,"52.15917625, 10.53286303",23.7825228302
2023-01-18 06:23:20,Wednesday,1,"52.15917578, 10.5328477",23.7825228302
2023-01-18 06:23:30,Wednesday,1,"52.159176425, 10.532846943",23.8539929817
2023-01-18 06:23:40,Wednesday,1,"52.159175577, 10.53284717",23.8539929817
2023-01-18 06:23:50,Wednesday,1,"52.159149655, 10.532824763",23.8539929817
2023-01-18 06:24:00,Wednesday,1,"52.159129118, 10.532773814",22.7733252175
2023-01-18 06:24:10,Wednesday,1,"52.159129684, 10.532768736",22.7733252175
2023-01-18 06:24:20,Wednesday,1,"52.159130709, 10.532759215",22.7733252175
2023-01-18 06:24:30,Wednesday,1,"52.159130779, 10.532749609",22.8695943409
2023-01-18 06:24:40,Wednesday,1,"52.159130102, 10.532745867",22.8695943409
2023-01-18 06:24:50,Wednesday,1,"52.159128886, 10.532744626",22.8695943409
2023-01-18 06:25:00,Wednesday,1,"52.159125652, 10.532747757",
2023-01-18 06:25:10,Wednesday,1,"52.159118405, 10.532750754",
2023-01-18 06:25:20,Wednesday,1,"52.159113045, 10.532763528",
2023-01-18 06:25:30,Wednesday,1,"52.15910938, 10.5327591",
2023-01-18 06:25:30,Wednesday,1,"52.159110765, 10.53276513",
2023-01-18 06:25:40,Wednesday,1,"52.159118053, 10.532674638",
2023-01-18 06:25:50,Wednesday,1,"52.15916018, 10.532512534",
2023-01-18 06:26:00,Wednesday,1,"52.15917495, 10.532461371",
2023-01-18 06:26:10,Wednesday,1,"52.159166186, 10.532436752",
2023-01-18 06:26:20,Wednesday,1,"52.159156656, 10.532421996",
2023-01-18 06:26:30,Wednesday,1,"52.159152205, 10.5323909783333",
2023-01-18 06:26:30,Wednesday,1,"52.1591514, 10.5323885525",
2023-01-18 06:26:40,Wednesday,1,"52.159151758, 10.532383075",
2023-01-18 06:26:50,Wednesday,1,"52.159215327, 10.532204698",
2023-01-18 06:27:00,Wednesday,1,"52.159491015, 10.531505701",48.5134108803
2023-01-18 06:27:10,Wednesday,1,"52.159894795, 10.530298314",48.5134108803
2023-01-18 06:27:20,Wednesday,1,"52.160425348, 10.528624036",48.5134108803
2023-01-18 06:27:30,Wednesday,1,"52.161141756, 10.526624942",49.6886082278
2023-01-18 06:27:40,Wednesday,1,"52.162109125, 10.524496211",49.6886082278
2023-01-18 06:27:50,Wednesday,1,"52.163404451, 10.522357849",49.6886082278
2023-01-18 06:28:00,Wednesday,1,"52.165032699, 10.520382731",45.3776964739
2023-01-18 06:28:10,Wednesday,1,"52.167028756, 10.518716052",45.3776964739
2023-01-18 06:28:20,Wednesday,1,"52.169208047, 10.51731505",45.3776964739
2023-01-18 06:28:30,Wednesday,1,"52.171577376, 10.516246258",43.1613456933
2023-01-18 06:28:40,Wednesday,1,"52.173952702, 10.515324538",43.1613456933
2023-01-18 06:28:50,Wednesday,1,"52.176281449, 10.514374981",43.1613456933
2023-01-18 06:29:00,Wednesday,1,"52.178561632, 10.513437021",35.574889392
2023-01-18 06:29:10,Wednesday,1,"52.180872794, 10.512473843",35.574889392
2023-01-18 06:29:20,Wednesday,1,"52.183262907, 10.511476224",35.574889392
2023-01-18 06:29:30,Wednesday,1,"52.185690814, 10.510561443",36.4634082978
2023-01-18 06:29:40,Wednesday,1,"52.188136891, 10.509580348",36.4634082978
2023-01-18 06:29:50,Wednesday,1,"52.19051363, 10.508601515",36.4634082978
2023-01-18 06:30:00,Wednesday,1,"52.192888512, 10.507667645",35.6637067065
2023-01-18 06:30:10,Wednesday,1,"52.195258965, 10.506736364",35.6637067065
2023-01-18 06:30:20,Wednesday,1,"52.197645063, 10.505791684",35.6637067065
2023-01-18 06:30:30,Wednesday,1,"52.199986527, 10.504849833",34.1904127327
2023-01-18 06:30:40,Wednesday,1,"52.202304446, 10.504170443",34.1904127327
2023-01-18 06:30:50,Wednesday,1,"52.204677951, 10.503947831",34.1904127327
2023-01-18 06:31:00,Wednesday,1,"52.207116092, 10.504173315",34.2386940575
2023-01-18 06:31:10,Wednesday,1,"52.209526474, 10.504816569",34.2386940575
2023-01-18 06:31:20,Wednesday,1,"52.211970656, 10.505512817",34.2386940575
2023-01-18 06:31:30,Wednesday,1,"52.214538474, 10.506261259",33.4810897201
2023-01-18 06:31:40,Wednesday,1,"52.217257673, 10.507063942",33.4810897201
2023-01-18 06:31:50,Wednesday,1,"52.220107101, 10.507881874",33.4810897201
2023-01-18 06:32:00,Wednesday,1,"52.223033276, 10.508717277",32.5736154254
2023-01-18 06:32:10,Wednesday,1,"52.225895832, 10.509547714",32.5736154254
2023-01-18 06:32:20,Wednesday,1,"52.228662825, 10.510350355",32.5736154254
2023-01-18 06:32:30,Wednesday,1,"52.231400357, 10.511131825",33.8067431318
2023-01-18 06:32:40,Wednesday,1,"52.234112269, 10.511933295",33.8067431318
2023-01-18 06:32:50,Wednesday,1,"52.236799081, 10.512642747",33.8067431318
2023-01-18 06:33:00,Wednesday,1,"52.239433586, 10.512756379",32.7432276315
2023-01-18 06:33:10,Wednesday,1,"52.24179827, 10.513485186",32.7432276315
2023-01-18 06:33:20,Wednesday,1,"52.243683695, 10.515929642",32.7432276315
2023-01-18 06:33:30,Wednesday,1,"52.244737395, 10.519079136",30.8805124715
2023-01-18 06:33:40,Wednesday,1,"52.245094998, 10.522058285",30.8805124715
2023-01-18 06:33:50,Wednesday,1,"52.24529113, 10.524718048",30.8805124715
2023-01-18 06:34:00,Wednesday,1,"52.245492564, 10.527010684",31.1737243822
2023-01-18 06:34:10,Wednesday,1,"52.245835764, 10.529024329",31.1737243822
2023-01-18 06:34:20,Wednesday,1,"52.246352721, 10.530797255",31.1737243822
2023-01-18 06:34:30,Wednesday,1,"52.247016429, 10.532301017",28.6232300557
2023-01-18 06:34:40,Wednesday,1,"52.247774329, 10.533580368",28.6232300557
2023-01-18 06:34:50,Wednesday,1,"52.248534373, 10.534737372",28.6232300557
2023-01-18 06:35:00,Wednesday,1,"52.249276012, 10.535846759",26.8003302145
2023-01-18 06:35:10,Wednesday,1,"52.250062933, 10.53682661",26.8003302145
2023-01-18 06:35:20,Wednesday,1,"52.250831538, 10.537738752",26.8003302145
2023-01-18 06:35:30,Wednesday,1,"52.251534457, 10.538655269",23.0981377229
2023-01-18 06:35:40,Wednesday,1,"52.25203714, 10.539389857",23.0981377229
2023-01-18 06:35:50,Wednesday,1,"52.252287606, 10.539683461",23.0981377229
2023-01-18 06:36:00,Wednesday,1,"52.2523183, 10.539701908",
2023-01-18 06:36:10,Wednesday,1,"52.252367005, 10.539777665",
2023-01-18 06:36:20,Wednesday,1,"52.252446403, 10.539917035",
2023-01-18 06:36:30,Wednesday,1,"52.252533816, 10.540044808",37.9696777075
2023-01-18 06:36:40,Wednesday,1,"52.252561098, 10.540160029",37.9696777075
2023-01-18 06:36:50,Wednesday,1,"52.252490752, 10.540147188",37.9696777075
2023-01-18 06:37:00,Wednesday,1,"52.252451663, 10.540050548",36.2989937677
2023-01-18 06:37:10,Wednesday,1,"52.252496569, 10.540074132",36.2989937677
2023-01-18 06:37:20,Wednesday,1,"52.252526041, 10.539864863",36.2989937677
2023-01-18 06:37:30,Wednesday,1,"52.252645444, 10.539726543",38.8297054209
2023-01-18 06:37:40,Wednesday,1,"52.252765475, 10.539405913",38.8297054209
2023-01-18 06:37:50,Wednesday,1,"52.252771333, 10.539132914",38.8297054209
2023-01-18 06:38:00,Wednesday,1,"52.25261779, 10.539120063",19.1921682254
2023-01-18 06:38:10,Wednesday,1,"52.25254062, 10.539015625",19.1921682254
2023-01-18 06:38:20,Wednesday,1,"52.25252188, 10.5389129675",19.1921682254
2023-01-19 18:32:40,Thursday,3,"52.3150573, 10.5590563",12.0855783361
2023-01-19 18:32:50,Thursday,3,"52.3146392166667, 10.5589839666667",12.0855783361
2023-01-19 18:33:00,Thursday,3,"52.3148493, 10.558984",20.9104684799
2023-01-19 18:33:20,Thursday,3,"52.3146684, 10.5589437",20.9104684799
2023-01-19 18:35:20,Thursday,3,"52.3147699, 10.5590464",83.8520841798
2023-01-19 18:37:40,Thursday,3,"52.3145656, 10.5590511",
2023-01-19 18:38:20,Thursday,3,"52.314595, 10.5593557",47.8453681727
2023-01-19 18:38:30,Thursday,3,"52.3144595555556, 10.5595765888889",46.8644137924
2023-01-19 18:38:40,Thursday,3,"52.31389687, 10.55962503",46.8644137924
2023-01-19 18:38:50,Thursday,3,"52.3136008125, 10.5598578375",46.8644137924
2023-01-19 18:39:00,Thursday,3,"52.31353494, 10.56087214",
2023-01-19 18:39:10,Thursday,3,"52.31346575, 10.56261601",
2023-01-19 18:39:20,Thursday,3,"52.31344649, 10.5647763",
2023-01-19 18:39:30,Thursday,3,"52.31363788, 10.56655549",
2023-01-19 18:39:40,Thursday,3,"52.3137663888889, 10.5675461555556",
2023-01-19 18:39:50,Thursday,3,"52.31327083, 10.56793539",
2023-01-19 18:40:00,Thursday,3,"52.31224934, 10.56826368",
2023-01-19 18:40:10,Thursday,3,"52.31096567, 10.56860261",
2023-01-19 18:40:20,Thursday,3,"52.30962747, 10.56898105",
2023-01-19 18:40:30,Thursday,3,"52.30829613, 10.56933248",
2023-01-19 18:40:40,Thursday,3,"52.30703775, 10.5695632",
2023-01-19 18:40:50,Thursday,3,"52.30589396, 10.56975015",
2023-01-19 18:41:00,Thursday,3,"52.30498501, 10.56976747",
2023-01-19 18:41:10,Thursday,3,"52.3045241, 10.5697209",
2023-01-19 18:41:10,Thursday,3,"52.303954675, 10.569660625",
2023-01-19 18:41:20,Thursday,3,"52.30301995, 10.56953715",
2023-01-19 18:41:30,Thursday,3,"52.30207039, 10.56913726",
2023-01-19 18:41:40,Thursday,3,"52.3011228, 10.56856266",
2023-01-19 18:41:50,Thursday,3,"52.30021267, 10.56779764",
2023-01-19 18:42:00,Thursday,3,"52.29937774, 10.56669452",
2023-01-19 18:42:10,Thursday,3,"52.2984608, 10.565424425",
2023-01-19 18:42:10,Thursday,3,"52.2989194, 10.5660692",
2023-01-19 18:42:20,Thursday,3,"52.29780129, 10.56429994",
2023-01-19 18:42:30,Thursday,3,"52.29743776, 10.56279331",60.4326796172
2023-01-19 18:42:40,Thursday,3,"52.29725831, 10.56152225",60.4326796172
2023-01-19 18:42:50,Thursday,3,"52.2971018, 10.560976475",60.4326796172
2023-01-19 18:43:00,Thursday,3,"52.2968088, 10.560992",16.3111549321
2023-01-19 18:45:00,Thursday,3,"52.2966777, 10.5609835",193.9859791443
2023-01-19 18:49:20,Thursday,3,"52.2964443, 10.5609941",66.0326933634
2023-01-19 18:49:30,Thursday,3,"52.29596707, 10.56076597",
2023-01-19 18:49:40,Thursday,3,"52.29511405, 10.5604501",
2023-01-19 18:49:50,Thursday,3,"52.29424575, 10.56055105",
2023-01-19 18:50:00,Thursday,3,"52.2934843, 10.56088615",
2023-01-19 18:50:10,Thursday,3,"52.2929474, 10.5606768",
2023-01-19 18:50:20,Thursday,3,"52.2927357, 10.5606314",
2023-01-19 18:50:30,Thursday,3,"52.29249019, 10.56062544",
2023-01-19 18:50:40,Thursday,3,"52.29161894, 10.56062943",
2023-01-19 18:50:50,Thursday,3,"52.29074682, 10.56084462",
2023-01-19 18:51:00,Thursday,3,"52.2901539777778, 10.5612330777778",
2023-01-19 18:51:20,Thursday,3,"52.2898769, 10.5614166",
2023-01-19 18:51:30,Thursday,3,"52.28968679, 10.56158665",
2023-01-19 18:51:40,Thursday,3,"52.28890413, 10.56216518",
2023-01-19 18:51:50,Thursday,3,"52.28801585, 10.56277788",
2023-01-19 18:52:00,Thursday,3,"52.28721683, 10.56334976",
2023-01-19 18:52:10,Thursday,3,"52.28644507, 10.56390501",
2023-01-19 18:52:20,Thursday,3,"52.2860511, 10.5641404",
2023-01-19 18:52:30,Thursday,3,"52.285862, 10.5642026",
2023-01-19 18:52:40,Thursday,3,"52.28547388, 10.56424546",
2023-01-19 18:52:50,Thursday,3,"52.28471093, 10.56382019",
2023-01-19 18:53:00,Thursday,3,"52.28394921, 10.56308719",183.3107025338
2023-01-19 18:53:10,Thursday,3,"52.28324103, 10.56238451",183.3107025338
2023-01-19 18:53:20,Thursday,3,"52.28257467, 10.5616823",183.3107025338
2023-01-19 18:53:30,Thursday,3,"52.2819723, 10.56106128",
2023-01-19 18:53:40,Thursday,3,"52.2816454, 10.5607194142857",
2023-01-19 18:53:50,Thursday,3,"52.28104095, 10.56033875",
2023-01-19 18:54:00,Thursday,3,"52.2803864, 10.5601966",
2023-01-19 18:54:10,Thursday,3,"52.27951975, 10.5589145",
2023-01-19 18:54:20,Thursday,3,"52.2790185, 10.5582133",
2023-01-19 18:54:20,Thursday,3,"52.27881825, 10.5580104666667",
2023-01-19 18:54:30,Thursday,3,"52.2786175, 10.5573976",
2023-01-19 18:55:00,Thursday,3,"52.2785159, 10.556876",
2023-01-19 18:55:10,Thursday,3,"52.2784631142857, 10.5566628571429",
2023-01-19 18:55:20,Thursday,3,"52.2783948, 10.5562",
2023-01-19 18:55:30,Thursday,3,"52.278086, 10.5548576",
2023-01-19 18:55:30,Thursday,3,"52.2782982166667, 10.5556820833333",
2023-01-19 18:55:40,Thursday,3,"52.27790579, 10.5538115",
2023-01-19 18:55:50,Thursday,3,"52.27764052, 10.55248759",
2023-01-19 18:56:00,Thursday,3,"52.27736355, 10.55134644",78.7259475065
2023-01-19 18:56:10,Thursday,3,"52.27716926, 10.55029769",78.7259475065
2023-01-19 18:56:20,Thursday,3,"52.2770623, 10.54972365",78.7259475065
2023-01-19 18:56:40,Thursday,3,"52.2769886, 10.5493757",72.6996483249
2023-01-19 18:56:50,Thursday,3,"52.2769961, 10.5490728",72.6996483249
2023-01-19 18:57:40,Thursday,3,"52.2776656666667, 10.54619975",
2023-01-19 18:57:50,Thursday,3,"52.2776275, 10.5456385",
2023-01-19 18:59:00,Thursday,3,"52.2762688, 10.5390799",67.7284126499
2023-01-19 18:59:10,Thursday,3,"52.2762053, 10.5387724",67.7284126499
2023-01-19 18:59:20,Thursday,3,"52.27610033, 10.5382897",67.7284126499
2023-01-19 18:59:30,Thursday,3,"52.27585168, 10.53696656",45.4252957321
2023-01-19 18:59:40,Thursday,3,"52.27564815, 10.53580156",45.4252957321
2023-01-19 18:59:50,Thursday,3,"52.27552082, 10.53443935",45.4252957321
2023-01-19 19:00:00,Thursday,3,"52.2755061, 10.5337751",87.7503211196
2023-01-19 19:00:20,Thursday,3,"52.27548795, 10.53321345",87.7503211196
2023-01-19 19:00:30,Thursday,3,"52.2755086, 10.5317671",89.4854109725
2023-01-19 19:00:40,Thursday,3,"52.2755742, 10.5302792",89.4854109725
2023-01-19 19:00:50,Thursday,3,"52.2755745, 10.5293571",89.4854109725
2023-01-19 19:01:00,Thursday,3,"52.275563, 10.5291811",
2023-01-19 19:01:10,Thursday,3,"52.2755422, 10.5288124",
2023-01-19 19:01:20,Thursday,3,"52.27553935, 10.52836306",
2023-01-19 19:01:30,Thursday,3,"52.2755342, 10.5280586",123.5892314897
2023-01-19 19:01:40,Thursday,3,"52.2755325, 10.5276993",123.5892314897
2023-01-20 14:16:40,Friday,4,"52.31569833, 10.55921829",
2023-01-20 14:32:20,Friday,4,"52.31569833, 10.55921829",
2023-01-20 14:32:30,Friday,4,"52.31569833, 10.55921829",
2023-01-20 14:32:40,Friday,4,"52.31569833, 10.55921829",
2023-01-20 14:32:50,Friday,4,"52.31569833, 10.55921829",
2023-01-20 14:33:00,Friday,4,"52.31569833, 10.55921829",
2023-01-20 14:33:10,Friday,4,"52.31569833, 10.55921829",
2023-01-20 14:33:20,Friday,4,"52.31569833, 10.55921829",
2023-01-20 14:33:30,Friday,4,"52.31569833, 10.55921829",
2023-01-20 14:33:40,Friday,4,"52.31568584, 10.55921062",
2023-01-20 14:33:50,Friday,4,"52.315619531, 10.559234135",
2023-01-20 14:34:00,Friday,4,"52.315636022, 10.559301233",
2023-01-20 14:34:10,Friday,4,"52.315624123, 10.55930628",
2023-01-20 14:34:20,Friday,4,"52.315630244, 10.559305584",
2023-01-20 14:34:30,Friday,4,"52.315634204, 10.559305598",
2023-01-20 14:34:40,Friday,4,"52.315637824, 10.559305499",
2023-01-20 14:34:50,Friday,4,"52.315640783, 10.559305695",
2023-01-20 14:35:00,Friday,4,"52.315645319, 10.559306012",
2023-01-20 14:35:10,Friday,4,"52.315650017, 10.559307463",
2023-01-20 14:35:20,Friday,4,"52.31565169, 10.559313278",
2023-01-20 14:35:30,Friday,4,"52.315651585, 10.559304164",
2023-01-20 14:35:40,Friday,4,"52.31564573, 10.559307211",
2023-01-20 14:35:50,Friday,4,"52.315547523, 10.559522621",
2023-01-20 14:36:00,Friday,4,"52.315208659, 10.559553605",
2023-01-20 14:36:10,Friday,4,"52.314733921, 10.559320665",
2023-01-20 14:36:20,Friday,4,"52.314077877, 10.559432427",
2023-01-20 14:36:30,Friday,4,"52.313383764, 10.559506524",
2023-01-20 14:36:40,Friday,4,"52.312778963, 10.559490864",
2023-01-20 14:36:50,Friday,4,"52.31250512, 10.55958429",
2023-01-20 14:37:40,Friday,4,"52.3091335666667, 10.5597778422222",
2023-01-20 14:37:50,Friday,4,"52.308502882, 10.559812271",
2023-01-20 14:38:00,Friday,4,"52.307884164, 10.559809416",
2023-01-20 14:38:10,Friday,4,"52.307289137, 10.559815206",
2023-01-20 14:38:20,Friday,4,"52.306706859, 10.559823333",
2023-01-20 14:38:30,Friday,4,"52.306122851, 10.559954859",
2023-01-20 14:38:40,Friday,4,"52.305547862, 10.560052275",
2023-01-20 14:38:50,Friday,4,"52.304919658, 10.560110507",
2023-01-20 14:39:00,Friday,4,"52.30430579, 10.5601177",
2023-01-20 14:39:10,Friday,4,"52.303699749, 10.560132457",
2023-01-20 14:39:20,Friday,4,"52.30314311, 10.560089921",
2023-01-20 14:39:30,Friday,4,"52.302600707, 10.560102249",
2023-01-20 14:39:40,Friday,4,"52.301965175, 10.560153747",
2023-01-20 14:39:50,Friday,4,"52.301335609, 10.560293909",
2023-01-20 14:40:00,Friday,4,"52.300764854, 10.560337432",
2023-01-20 14:40:10,Friday,4,"52.300193097, 10.560405036",
2023-01-20 14:40:20,Friday,4,"52.299572297, 10.560458426",
2023-01-20 14:40:30,Friday,4,"52.298856131, 10.56051907",
2023-01-20 14:40:40,Friday,4,"52.298169872, 10.560679137",
2023-01-20 14:40:50,Friday,4,"52.297610253, 10.560870574",
2023-01-20 14:41:00,Friday,4,"52.297142664, 10.560819204",
2023-01-20 14:41:10,Friday,4,"52.296859664, 10.560899261",
2023-01-20 14:41:20,Friday,4,"52.296990108, 10.560740726",
2023-01-20 14:41:30,Friday,4,"52.296938901, 10.560199617",
2023-01-20 14:41:40,Friday,4,"52.296433048, 10.56016963",
2023-01-20 14:41:50,Friday,4,"52.295960168, 10.560208704",
2023-01-20 14:42:00,Friday,4,"52.295503008, 10.56023309",
2023-01-20 14:42:10,Friday,4,"52.295021289, 10.560244947",
2023-01-20 14:42:20,Friday,4,"52.294493555, 10.560307578",
2023-01-20 14:42:30,Friday,4,"52.29394573, 10.560478279",
2023-01-20 14:42:40,Friday,4,"52.293565843, 10.560743376",
2023-01-20 14:42:50,Friday,4,"52.293154527, 10.560667246",
2023-01-20 14:43:00,Friday,4,"52.292719276, 10.560527163",
2023-01-20 14:43:10,Friday,4,"52.292638332, 10.560533879",
2023-01-20 14:43:20,Friday,4,"52.292638913, 10.560535034",
2023-01-20 14:43:30,Friday,4,"52.292638742, 10.56053494",
2023-01-20 14:43:40,Friday,4,"52.292638296, 10.560535459",
2023-01-20 14:43:50,Friday,4,"52.292643487, 10.560549928",
2023-01-20 14:44:00,Friday,4,"52.29258324625, 10.56086762",
2023-01-20 15:24:20,Friday,4,"52.29261609, 10.5609351075",
2023-01-20 15:24:30,Friday,4,"52.292630954, 10.560816465",
2023-01-20 15:24:40,Friday,4,"52.29259546, 10.560598611",
2023-01-20 15:24:50,Friday,4,"52.2924494866667, 10.5599511788889",
2023-01-20 15:33:50,Friday,4,"52.277126425, 10.53792354",
2023-01-20 15:34:00,Friday,4,"52.276873671, 10.538042845",
2023-01-20 15:34:10,Friday,4,"52.276443196, 10.538247207",
2023-01-20 15:34:20,Friday,4,"52.27615503, 10.537977459",
2023-01-20 15:34:30,Friday,4,"52.276005523, 10.537291702",
2023-01-20 15:34:40,Friday,4,"52.275861132, 10.53663631",
2023-01-20 15:34:50,Friday,4,"52.275732482, 10.536036384",
2023-01-20 15:35:00,Friday,4,"52.275664176, 10.535460789",
2023-01-20 15:35:10,Friday,4,"52.275540538, 10.534843324",
2023-01-20 15:35:20,Friday,4,"52.275538263, 10.534025843",
2023-01-20 15:35:30,Friday,4,"52.27554974, 10.533260151",
2023-01-20 15:35:40,Friday,4,"52.275523822, 10.532529927",
2023-01-20 15:35:50,Friday,4,"52.275526208, 10.531803997",
2023-01-20 15:36:00,Friday,4,"52.275572361, 10.531024057",
2023-01-20 15:36:10,Friday,4,"52.275588587, 10.530266416",
2023-01-20 15:36:20,Friday,4,"52.27560236, 10.529514459",
2023-01-20 15:36:30,Friday,4,"52.275580351, 10.528784471",
2023-01-20 15:36:40,Friday,4,"52.275560264, 10.528041441",
2023-01-20 15:36:50,Friday,4,"52.275543954, 10.527279179",
2023-01-20 15:37:00,Friday,4,"52.275538062, 10.526464311",
2023-01-20 15:37:10,Friday,4,"52.275492211, 10.525652459",
2023-01-20 15:37:20,Friday,4,"52.275466823, 10.524872906",
2023-01-20 15:37:30,Friday,4,"52.275449698, 10.52408751",
2023-01-20 15:37:40,Friday,4,"52.275401108, 10.523268313",
2023-01-20 15:37:50,Friday,4,"52.27533024, 10.522434684",
2023-01-20 15:38:00,Friday,4,"52.275335093, 10.521905101",
2023-01-20 15:38:10,Friday,4,"52.275361096, 10.521673731",
2023-01-20 15:38:20,Friday,4,"52.275365775, 10.520984176",
2023-01-20 16:28:50,Friday,5,"52.31579704, 10.5593843",
2023-01-20 16:29:00,Friday,5,"52.3152725, 10.5595773777778",
2023-01-20 16:29:10,Friday,5,"52.3148710666667, 10.5594953333333",
2023-01-20 16:29:20,Friday,5,"52.3146809222222, 10.5590499888889",
2023-01-20 16:29:30,Friday,5,"52.3146383, 10.5586988",
2023-01-20 16:29:50,Friday,5,"52.3145855444444, 10.5576744555556",
2023-01-20 16:30:00,Friday,5,"52.3140884222222, 10.5553770555556",
2023-01-20 16:30:00,Friday,5,"52.3144846, 10.5568899",
2023-01-20 16:30:10,Friday,5,"52.31381597, 10.55370792",
2023-01-20 16:30:20,Friday,5,"52.3137865, 10.5532043",
2023-01-20 16:30:30,Friday,5,"52.3137904, 10.5527387",
2023-01-20 16:30:40,Friday,5,"52.3138864375, 10.55162605",
2023-01-20 16:30:50,Friday,5,"52.31415988, 10.54932601",
2023-01-20 16:31:00,Friday,5,"52.31425726, 10.54736266",
2023-01-20 16:31:10,Friday,5,"52.31434225, 10.5461886375",
2023-01-20 16:31:40,Friday,5,"52.3143578833333, 10.54555125",
2023-01-20 16:31:40,Friday,5,"52.3142958, 10.544678",
2023-01-20 16:31:50,Friday,5,"52.3143223, 10.54376441",
2023-01-20 16:32:00,Friday,5,"52.31434084, 10.54174755",
2023-01-20 16:32:10,Friday,5,"52.31432803, 10.53970466",
2023-01-20 16:32:20,Friday,5,"52.31435181, 10.53786207",
2023-01-20 16:32:30,Friday,5,"52.3145236, 10.53694299",
2023-01-20 16:32:40,Friday,5,"52.31443947, 10.53618197",
2023-01-20 16:32:50,Friday,5,"52.3144183, 10.535569",
2023-01-20 16:33:00,Friday,5,"52.3144834714286, 10.5349749428571",
2023-01-20 16:33:10,Friday,5,"52.31434983, 10.53459821",
2023-01-20 16:33:20,Friday,5,"52.3140713, 10.5346146",
2023-01-20 16:33:30,Friday,5,"52.3137264, 10.5348568",
2023-01-20 16:33:40,Friday,5,"52.3130698, 10.53544461",
2023-01-20 16:33:50,Friday,5,"52.3118213, 10.53666168",
2023-01-20 16:34:00,Friday,5,"52.31071615, 10.53768966",
2023-01-20 16:34:10,Friday,5,"52.31050569, 10.53836889",
2023-01-20 16:34:20,Friday,5,"52.310603, 10.5386359",
2023-01-20 16:34:40,Friday,5,"52.3107236, 10.5396082",
2023-01-20 16:34:50,Friday,5,"52.3107704888889, 10.5416673888889",
2023-01-20 16:35:00,Friday,5,"52.31017602, 10.54228184",
2023-01-20 16:35:10,Friday,5,"52.30932219, 10.54262862",
2023-01-20 16:35:20,Friday,5,"52.3091015833333, 10.5430798166667",
2023-01-20 16:35:40,Friday,5,"52.3093075, 10.5440581",
2023-01-20 16:35:50,Friday,5,"52.3096862555556, 10.5459581555556",
2023-01-20 16:36:00,Friday,5,"52.30996166, 10.5471591",
2023-01-20 16:36:10,Friday,5,"52.3095537, 10.5476255",
2023-01-20 16:36:20,Friday,5,"52.30862557, 10.54777459",
2023-01-20 16:36:30,Friday,5,"52.30767908, 10.54791676",
2023-01-20 16:36:40,Friday,5,"52.3071795166667, 10.5480184333333",
2023-01-20 16:37:10,Friday,5,"52.3066790222222, 10.5480927444444",
2023-01-20 16:37:20,Friday,5,"52.30587398, 10.54825843",
2023-01-20 16:37:30,Friday,5,"52.3050969166667, 10.54849825",
2023-01-20 16:37:40,Friday,5,"52.3043693625, 10.5484552875",
2023-01-20 16:37:50,Friday,5,"52.3042967, 10.5477893",
2023-01-20 16:38:00,Friday,5,"52.30414286, 10.5466259",
2023-01-20 16:38:10,Friday,5,"52.30375843, 10.54482094",
2023-01-20 16:38:20,Friday,5,"52.30356636, 10.54354722",
2023-01-20 16:38:30,Friday,5,"52.30327446, 10.54229731",
2023-01-20 16:38:40,Friday,5,"52.30308898, 10.54107967",
2023-01-20 16:38:50,Friday,5,"52.303036, 10.5407225",
2023-01-20 16:39:10,Friday,5,"52.3023163, 10.5407795",
2023-01-20 16:39:20,Friday,5,"52.3019196, 10.54101642",
2023-01-20 16:39:30,Friday,5,"52.30111405, 10.54135287",
2023-01-20 16:39:40,Friday,5,"52.30015208, 10.54173598",
2023-01-20 16:39:50,Friday,5,"52.29933051, 10.54222483",
2023-01-20 16:40:00,Friday,5,"52.2990879, 10.542381",
2023-01-20 16:40:20,Friday,5,"52.2987972, 10.5423614",
2023-01-20 16:40:30,Friday,5,"52.29816421, 10.54241355",
2023-01-20 16:40:40,Friday,5,"52.29712873, 10.54148881",
2023-01-20 16:40:50,Friday,5,"52.29617725, 10.54067452",
2023-01-20 16:41:00,Friday,5,"52.2955543, 10.54044885",
2023-01-22 15:43:10,Sunday,5,"52.299198, 10.5423262",
2023-01-22 15:43:20,Sunday,5,"52.299198, 10.5423262",
2023-01-22 15:44:30,Sunday,5,"52.2988181, 10.5425273",64.0757844671
2023-01-22 15:44:40,Sunday,5,"52.29825331, 10.54243633",64.0757844671
2023-01-22 15:44:50,Sunday,5,"52.29716187, 10.54153888",64.0757844671
2023-01-22 15:45:00,Sunday,5,"52.2962868, 10.5408462",53.8773560262667
2023-01-22 15:45:10,Sunday,5,"52.295519725, 10.5404948625",51.8376703381
2023-01-22 15:45:30,Sunday,5,"52.29498975, 10.5404573",61.4434356015
2023-01-22 15:45:40,Sunday,5,"52.2942697777778, 10.5402755222222",61.4434356015
2023-01-22 15:45:50,Sunday,5,"52.2935506, 10.5401231",61.4434356015
2023-01-22 15:46:10,Sunday,5,"52.2931294, 10.5400574",68.9615186071
2023-01-22 15:46:20,Sunday,5,"52.29264936, 10.5399228",68.9615186071
2023-01-22 15:46:30,Sunday,5,"52.29141413, 10.53960427",68.41551865639
2023-01-22 15:46:40,Sunday,5,"52.2901687, 10.53936891",68.3548519952
2023-01-22 15:46:50,Sunday,5,"52.28897326, 10.53912841",68.3548519952
2023-01-22 15:47:00,Sunday,5,"52.28801714, 10.53887328",66.44718443432
2023-01-22 15:47:10,Sunday,5,"52.28698414, 10.53864974",65.9702675441
2023-01-22 15:47:20,Sunday,5,"52.2864643, 10.5384599",65.9702675441
2023-01-22 15:47:40,Sunday,5,"52.2859631, 10.5384219",60.6539961709
2023-01-22 15:47:50,Sunday,5,"52.28568393, 10.53836064",60.6539961709
2023-01-22 15:48:00,Sunday,5,"52.28474081, 10.53826653",63.91935700684
2023-01-22 15:48:10,Sunday,5,"52.28367725, 10.53793312",64.2821748775
2023-01-22 15:48:20,Sunday,5,"52.2828217, 10.53772422",64.2821748775
2023-01-22 15:48:30,Sunday,5,"52.28169357, 10.53743317",68.46790846417
2023-01-22 15:48:40,Sunday,5,"52.28081502, 10.53687118",68.9329899738
2023-01-22 15:48:50,Sunday,5,"52.28017402, 10.53635542",68.9329899738
2023-01-22 15:49:00,Sunday,5,"52.2794574, 10.53595612",68.23218195342
2023-01-22 15:49:10,Sunday,5,"52.27855796, 10.53530145",68.1543143956
2023-01-22 15:49:20,Sunday,5,"52.2773187, 10.5348516",68.1543143956
2023-01-22 15:49:20,Sunday,5,"52.2780237, 10.5349028",68.1543143956
2023-01-22 15:49:30,Sunday,5,"52.2773187, 10.5348516",69.726629173225
2023-01-22 15:49:50,Sunday,5,"52.2770922, 10.5348819",70.2507340991
2023-01-22 15:50:00,Sunday,5,"52.2762728777778, 10.5352455333333",68.945090137
2023-01-24 12:13:30,Tuesday,6,"52.2722111, 10.4937999",15.13624912972
2023-01-24 12:13:50,Tuesday,6,"52.2720447, 10.4936526",18.5715646692
2023-01-24 12:14:50,Tuesday,6,"52.272161, 10.4939079",18.9617049279
2023-01-24 12:15:00,Tuesday,6,"52.2720403, 10.4944364",20.26451641658
2023-01-24 12:15:10,Tuesday,6,"52.2719798, 10.4947354",22.2187336496
2023-01-24 12:15:40,Tuesday,6,"52.271551, 10.4963175",16.9894851787
2023-01-24 12:15:50,Tuesday,6,"52.27088895, 10.4984084",16.9894851787
2023-01-24 12:16:00,Tuesday,6,"52.27046055, 10.4999263",17.86827841689
2023-01-24 12:16:40,Tuesday,6,"52.2701629, 10.5007504",20.3950831828
2023-01-24 12:16:50,Tuesday,6,"52.2700767, 10.5010256",20.3950831828
2023-01-24 12:17:10,Tuesday,6,"52.2701662, 10.5012933",17.059923871
2023-01-24 12:17:30,Tuesday,6,"52.27057485, 10.50173625",15.86238192862
2023-01-24 12:17:40,Tuesday,6,"52.2711617, 10.5026887",15.3491496676
2023-01-24 12:17:50,Tuesday,6,"52.27176915, 10.5042841",15.3491496676
2023-01-24 12:18:00,Tuesday,6,"52.2719696, 10.50543985",14.93149684705
2023-01-24 12:18:10,Tuesday,6,"52.27224485, 10.50642335",14.7525027811
2023-01-24 12:18:50,Tuesday,6,"52.2721713, 10.5064437",12.8942413172
2023-01-24 12:19:30,Tuesday,6,"52.2721312, 10.5069185",12.45604306034
2023-01-24 12:19:40,Tuesday,6,"52.2720233, 10.5071637",12.5100394982
2023-01-24 12:19:50,Tuesday,6,"52.2718325, 10.5073019",12.5100394982
2023-01-24 12:20:00,Tuesday,6,"52.2714135, 10.5076981",12.46428073696
2023-01-24 12:34:00,Tuesday,7,"52.3141615, 10.5521592",
2023-01-24 13:25:30,Tuesday,6,"52.159243, 10.5323438",13.149259937
2023-01-24 13:25:40,Tuesday,6,"52.159243, 10.5323438",13.149259937
2023-01-24 13:27:10,Tuesday,6,"52.1597446, 10.531297",26.1857684065
2023-01-24 13:27:20,Tuesday,6,"52.16017832, 10.52973216",26.1857684065
2023-01-24 13:27:30,Tuesday,6,"52.1612795285714, 10.5263629571429",26.8527578759857
2023-01-24 13:27:40,Tuesday,6,"52.16235156, 10.52410131",27.3529999781
2023-01-24 13:27:50,Tuesday,6,"52.16374354, 10.5217592",27.3529999781
2023-01-24 13:28:00,Tuesday,6,"52.16561841, 10.51972852",25.81528565079
2023-01-24 13:28:10,Tuesday,6,"52.16782402, 10.51809767",25.1562652248
2023-01-24 13:28:20,Tuesday,6,"52.17011585, 10.51674323",25.1562652248
2023-01-24 13:28:30,Tuesday,6,"52.17247583, 10.51563868",19.28165925169
2023-01-24 13:28:40,Tuesday,6,"52.1743264833333, 10.5149043166667",16.7639709775
2023-01-24 13:28:50,Tuesday,6,"52.1774468555556, 10.5137849777778",16.7639709775
2023-01-24 13:29:00,Tuesday,6,"52.1798884666667, 10.5128395333333",15.9038977509167
2023-01-24 13:29:10,Tuesday,6,"52.18198685, 10.51195915",15.7318831056
2023-01-24 13:29:20,Tuesday,6,"52.1843431, 10.51100585",15.7318831056
2023-01-24 13:29:30,Tuesday,6,"52.1867257, 10.5100424",16.19829989091
2023-01-24 13:29:40,Tuesday,6,"52.18908805, 10.50908895",16.3981927989
2023-01-24 13:30:30,Tuesday,6,"52.20129465, 10.5043236",16.423917307325
2023-01-24 13:30:40,Tuesday,6,"52.2021994, 10.5039351",16.4808697081
2023-01-24 13:30:50,Tuesday,6,"52.2065171, 10.5040877",16.4808697081
2023-01-24 13:31:10,Tuesday,6,"52.2127052, 10.5055309",17.4770965303
2023-01-24 13:31:20,Tuesday,6,"52.2127052, 10.5055309",17.4770965303
2023-01-24 13:31:30,Tuesday,6,"52.2180621, 10.5069276",17.5949495212
2023-01-24 13:31:40,Tuesday,6,"52.2180621, 10.5069276",17.5949495212
2023-01-24 13:32:20,Tuesday,6,"52.2305599, 10.5105168",18.6751195729
2023-01-24 13:32:40,Tuesday,6,"52.2359428142857, 10.5122544142857",17.5958901461
2023-01-24 13:32:50,Tuesday,6,"52.23853085, 10.5126696",17.5958901461
2023-01-24 13:33:00,Tuesday,6,"52.24097525, 10.51285394",18.00786139789
2023-01-24 13:33:10,Tuesday,6,"52.2420406, 10.5131373",18.1844205058
2023-01-24 13:35:00,Tuesday,6,"52.2420406, 10.5131373",19.0676032852
2023-01-24 13:35:10,Tuesday,6,"52.2420406, 10.5131373",19.0676032852
2023-01-24 13:35:30,Tuesday,6,"52.252472, 10.5395206",16.8102070539
2023-01-24 13:35:30,Tuesday,6,"52.252472, 10.5395206",16.8102070539
2023-01-24 13:35:40,Tuesday,6,"52.252472, 10.5395206",16.8102070539
2023-01-24 13:35:50,Tuesday,6,"52.2524572, 10.5398284",16.8102070539
2023-01-24 13:36:00,Tuesday,6,"52.2524572, 10.5398284",16.8102070539
2023-01-24 13:37:30,Tuesday,6,"52.2523264, 10.5402541",14.7517833163
2023-01-24 13:37:40,Tuesday,6,"52.2523116, 10.5405682",14.7517833163
2023-01-24 13:37:50,Tuesday,6,"52.2525291625, 10.539821725",14.7517833163
2023-01-24 13:38:00,Tuesday,6,"52.2526101, 10.5394241",14.7517833163
2023-01-24 13:38:00,Tuesday,6,"52.2526579, 10.5390886",17.0334757396
2023-01-24 13:38:10,Tuesday,6,"52.2526579, 10.5390886",17.0334757396
2023-01-24 13:39:10,Tuesday,6,"52.2525436, 10.5388205",19.5680976911
2023-01-24 13:39:20,Tuesday,6,"52.2525436, 10.5388205",19.5680976911
2023-01-24 13:40:10,Tuesday,6,"52.2527398, 10.5390245",17.6893688484
2023-01-24 13:48:30,Tuesday,6,"52.2650306, 10.5260999",10.4152007236
2023-01-24 13:49:40,Tuesday,6,"52.2652066, 10.5260058",14.4175277536
2023-01-24 13:50:30,Tuesday,6,"52.2652206, 10.5257067",21.52616642016
2023-01-24 13:52:30,Tuesday,6,"52.2651194, 10.5255591",27.2274430171
2023-01-24 13:54:10,Tuesday,6,"52.2655064, 10.5220162",27.4480738452
2023-01-24 13:54:50,Tuesday,6,"52.2655033, 10.5217164",26.0689388472
2023-01-24 13:55:00,Tuesday,6,"52.2654588, 10.5213535",22.86250225936
2023-01-24 13:55:10,Tuesday,6,"52.2655715, 10.52072595",22.0608931124
2023-01-24 13:55:10,Tuesday,6,"52.2654993, 10.5208923",22.0608931124
2023-01-24 13:55:20,Tuesday,6,"52.2656830714286, 10.5203948",22.0608931124
2023-01-24 13:55:20,Tuesday,6,"52.265731, 10.5199857333333",22.0608931124
2023-01-24 13:55:30,Tuesday,6,"52.26577021, 10.51926093",21.63524076066
2023-01-24 13:55:40,Tuesday,6,"52.26589831, 10.51809208",21.4528183242
2023-01-24 13:55:50,Tuesday,6,"52.2660253, 10.5176288",21.4528183242
2023-01-24 13:56:10,Tuesday,6,"52.266056, 10.5172177",18.9971153688
2023-01-24 13:56:20,Tuesday,6,"52.2656825333333, 10.5170732333333",18.9971153688
2023-01-24 13:56:20,Tuesday,6,"52.2659802285714, 10.5170903857143",18.9971153688
2023-01-24 13:56:30,Tuesday,6,"52.2651105666667, 10.5173346888889",20.1485320245333
2023-01-24 13:56:30,Tuesday,6,"52.2644933, 10.5176295",20.7242403524
2023-01-24 13:56:40,Tuesday,6,"52.26411959, 10.51780695",20.7242403524
2023-01-24 13:56:50,Tuesday,6,"52.26341702, 10.51799578",20.7242403524
2023-01-24 13:57:00,Tuesday,6,"52.26310236, 10.51783016",20.74825313536
2023-01-24 13:57:10,Tuesday,6,"52.263057, 10.5176573",20.7842723098
2023-01-24 13:57:40,Tuesday,6,"52.2629623, 10.5172651",19.8106064031
2023-01-24 13:57:50,Tuesday,6,"52.2629623, 10.5172651",19.8106064031
2023-01-24 13:57:50,Tuesday,6,"52.26276925, 10.51673825",19.8106064031
2023-01-24 13:58:00,Tuesday,6,"52.262641, 10.51566687",18.68954047397
2023-01-24 13:58:10,Tuesday,6,"52.2626036, 10.5151233",18.2090836472
2023-01-24 13:58:20,Tuesday,6,"52.262627, 10.5147473",18.2090836472
2023-01-24 13:58:30,Tuesday,6,"52.2626619, 10.5144364",16.5083299162
2023-01-24 13:58:40,Tuesday,6,"52.26281298, 10.5143521",16.5083299162
2023-01-24 13:58:50,Tuesday,6,"52.2632089333333, 10.514306",16.5083299162
2023-01-24 13:59:00,Tuesday,6,"52.2634325, 10.5143601",16.5083299162
2023-01-24 15:22:30,Tuesday,7,"52.2655319, 10.5268391",
2023-01-24 15:22:40,Tuesday,7,"52.2655319, 10.5268391",
2023-01-24 15:23:00,Tuesday,7,"52.2654777, 10.5264841",
2023-01-24 15:23:30,Tuesday,7,"52.2653539, 10.5262447",
2023-01-24 15:24:30,Tuesday,7,"52.2651526, 10.5261278",
2023-01-24 15:24:40,Tuesday,7,"52.2649736, 10.5261006",
2023-01-24 15:25:00,Tuesday,7,"52.2648003, 10.5263136",
2023-01-24 15:25:10,Tuesday,7,"52.2646118, 10.5264556",
2023-01-24 15:25:20,Tuesday,7,"52.2644686333333, 10.5265319333333",
2023-01-24 15:25:30,Tuesday,7,"52.2642591, 10.5265634",
2023-01-24 15:25:50,Tuesday,7,"52.2641359, 10.5263367",
2023-01-24 15:26:00,Tuesday,7,"52.263957, 10.5262882",
2023-01-24 15:26:10,Tuesday,7,"52.263957, 10.5262882",
2023-01-24 15:27:40,Tuesday,7,"52.2634825, 10.5262201",
2023-01-24 15:27:50,Tuesday,7,"52.2634825, 10.5262201",
2023-01-24 15:30:20,Tuesday,7,"52.2600621166667, 10.5260014833333",
2023-01-24 15:30:30,Tuesday,7,"52.25941362, 10.52677683",
2023-01-24 15:30:40,Tuesday,7,"52.2587815111111, 10.5270315888889",
2023-01-24 15:31:30,Tuesday,7,"52.2584766, 10.5271846",
2023-01-24 15:31:40,Tuesday,7,"52.2582045, 10.5272606",
2023-01-24 15:31:40,Tuesday,7,"52.2580787222222, 10.5272946",
2023-01-24 15:32:10,Tuesday,7,"52.25793625, 10.5280063",
2023-01-24 15:32:20,Tuesday,7,"52.258121, 10.5288082",
2023-01-24 15:32:30,Tuesday,7,"52.2582337, 10.5293814",
2023-01-24 15:32:40,Tuesday,7,"52.2580777333333, 10.5310017777778",
2023-01-24 15:32:50,Tuesday,7,"52.2573722333333, 10.5325718333333",38.0809500731
2023-01-24 15:33:00,Tuesday,7,"52.2570333, 10.5330283",38.0809500731
2023-01-24 15:33:30,Tuesday,7,"52.2567213, 10.5332926",41.3692417533
2023-01-24 15:33:40,Tuesday,7,"52.25610885, 10.53391165",41.3692417533
2023-01-24 15:33:50,Tuesday,7,"52.2551518, 10.5352556",38.91000040293
2023-01-24 15:34:00,Tuesday,7,"52.2541673, 10.53697015",37.8560398242
2023-01-24 15:34:10,Tuesday,7,"52.2537407, 10.5375802",37.8560398242
2023-01-24 15:35:00,Tuesday,7,"52.2535113, 10.53788955",40.8241552264
2023-01-24 15:35:10,Tuesday,7,"52.25302725, 10.53854565",40.8241552264
2023-01-24 15:35:20,Tuesday,7,"52.252642, 10.53822685",40.8241552264
2023-01-24 15:36:30,Tuesday,7,"52.252393, 10.5378899",
2023-01-24 15:36:40,Tuesday,7,"52.2521833, 10.5375706",
2023-01-24 15:36:50,Tuesday,7,"52.2521828, 10.5372536",38.7945010272
2023-01-24 15:37:00,Tuesday,7,"52.2524573, 10.536619",38.7945010272
2023-01-24 15:37:10,Tuesday,7,"52.25220155, 10.53554175",38.7945010272
2023-01-24 15:37:20,Tuesday,7,"52.2517024, 10.53366245",38.36081261652
2023-01-24 15:37:30,Tuesday,7,"52.251528, 10.53224875",38.1749461548
2023-01-24 15:37:50,Tuesday,7,"52.2514342, 10.5314516",33.5420234191
2023-01-24 15:38:00,Tuesday,7,"52.2513548, 10.5309663",33.5420234191
2023-01-24 15:38:10,Tuesday,7,"52.2512772, 10.5304022",33.5420234191
2023-01-24 15:38:20,Tuesday,7,"52.2511282, 10.5295857",31.70199508553
2023-01-24 15:38:30,Tuesday,7,"52.2505888, 10.5291905",30.913411514
2023-01-24 15:38:40,Tuesday,7,"52.2494301, 10.5294264",30.913411514
2023-01-24 15:38:50,Tuesday,7,"52.2482221, 10.5292549",29.04563207579
2023-01-24 15:39:00,Tuesday,7,"52.24735045, 10.5289879",28.2451551737
2023-01-24 15:39:20,Tuesday,7,"52.24679935, 10.52879265",28.08499950488
2023-01-24 15:39:30,Tuesday,7,"52.2462064, 10.5286527",28.0163613611
2023-01-24 15:39:40,Tuesday,7,"52.2444418142857, 10.5284889714286",28.0163613611
2023-01-24 15:39:50,Tuesday,7,"52.2438000571429, 10.5279168142857",28.1128628889857
2023-01-24 15:40:00,Tuesday,7,"52.2430023166667, 10.5275410833333",28.1852390349
2023-01-24 15:40:10,Tuesday,7,"52.2417729, 10.527367",28.1852390349
2023-01-24 15:40:30,Tuesday,7,"52.2410954, 10.5273759",29.6626631359
2023-01-24 15:40:40,Tuesday,7,"52.24028355, 10.52743375",29.6626631359
2023-01-24 15:40:50,Tuesday,7,"52.23863205, 10.5275386",28.55719695261
2023-01-24 15:41:00,Tuesday,7,"52.23676695, 10.52779595",28.0834257312
2023-01-24 15:41:10,Tuesday,7,"52.2340392333333, 10.5286127666667",28.0834257312
2023-01-24 15:41:10,Tuesday,7,"52.2346843, 10.5283863",28.0834257312
2023-01-24 15:41:20,Tuesday,7,"52.2329594111111, 10.5291386777778",26.8797278487333
2023-01-24 15:41:20,Tuesday,7,"52.2317821, 10.5297946",26.2778789075
2023-01-24 15:41:30,Tuesday,7,"52.23087763, 10.53024841",26.2778789075
2023-01-24 15:41:40,Tuesday,7,"52.2289629888889, 10.5311601777778",26.2778789075
2023-01-24 15:41:50,Tuesday,7,"52.2269574333333, 10.5319386666667",25.151077991
2023-01-24 15:42:00,Tuesday,7,"52.22478344, 10.53230688",24.0242770745
2023-01-24 15:42:10,Tuesday,7,"52.223018575, 10.5324987875",24.0242770745
2023-01-24 15:42:20,Tuesday,7,"52.22060275, 10.5326178",24.1467814929
2023-01-24 15:42:30,Tuesday,7,"52.2181164714286, 10.5334501428571",24.1992833865
2023-01-24 15:42:40,Tuesday,7,"52.216741775, 10.533674875",24.1992833865
2023-01-24 15:42:50,Tuesday,7,"52.2149241, 10.5339356",25.29810709018
2023-01-24 15:43:00,Tuesday,7,"52.2125519666667, 10.5343180333333",26.9463426457
2023-01-24 15:43:10,Tuesday,7,"52.2104234666667, 10.5344746333333",26.9463426457
2023-01-24 15:43:20,Tuesday,7,"52.20838305, 10.5341395",29.5397217765125
2023-01-24 15:43:30,Tuesday,7,"52.2058183333333, 10.5328881166667",31.095749255
2023-01-24 15:43:40,Tuesday,7,"52.2044694666667, 10.5317955777778",31.095749255
2023-01-24 15:43:50,Tuesday,7,"52.20299552, 10.52962004",39.87418099477
2023-01-24 15:44:00,Tuesday,7,"52.20126961, 10.52791933",43.6363660261
2023-01-24 15:44:10,Tuesday,7,"52.1991998, 10.52810665",43.6363660261
2023-01-24 15:44:20,Tuesday,7,"52.1973891, 10.5293835",44.739996341
2023-01-24 15:44:30,Tuesday,7,"52.19526209, 10.53036164",45.8436266559
2023-01-24 15:44:40,Tuesday,7,"52.1932806, 10.53129679",45.8436266559
2023-01-24 15:44:50,Tuesday,7,"52.19135774, 10.53219616",46.20165583321
2023-01-24 15:45:00,Tuesday,7,"52.18950514, 10.5330775",46.3550969092
2023-01-24 15:45:10,Tuesday,7,"52.1885214125, 10.5335912375",46.3550969092
2023-01-24 15:45:20,Tuesday,7,"52.1885003, 10.5332829",57.0214837347
2023-01-24 15:45:30,Tuesday,7,"52.1882103714286, 10.5334801571429",57.0214837347
2023-01-24 15:45:40,Tuesday,7,"52.18756818, 10.5337678",57.0214837347
2023-01-24 15:45:50,Tuesday,7,"52.1867716375, 10.5340773625",51.9087270507625
2023-01-24 15:46:00,Tuesday,7,"52.1853166, 10.5347523",48.8410730404
2023-01-24 15:46:10,Tuesday,7,"52.1841308125, 10.53531325",48.8410730404
2023-01-24 15:46:20,Tuesday,7,"52.1834794285714, 10.5355173571429",51.6683099234714
2023-01-24 15:46:30,Tuesday,7,"52.1830663, 10.5356155",52.7992046767
2023-01-24 15:47:00,Tuesday,7,"52.1825664, 10.5357271",58.877312896
2023-01-24 15:47:10,Tuesday,7,"52.1822225428571, 10.5357623142857",58.877312896
2023-01-24 15:47:10,Tuesday,7,"52.1816613, 10.5358447",58.877312896
2023-01-24 15:47:20,Tuesday,7,"52.1815044428571, 10.5359021285714",55.8838751738857
2023-01-25 11:21:50,Wednesday,8,"52.31395734, 10.55463635",
2023-01-25 13:17:30,Wednesday,8,"52.2683416671429, 10.54093885",
2023-01-25 13:17:40,Wednesday,8,"52.268324211, 10.540769693",
2023-01-25 13:17:50,Wednesday,8,"52.268255787, 10.540602561",
2023-01-25 13:18:00,Wednesday,8,"52.268188633, 10.540418421",
2023-01-25 13:18:10,Wednesday,8,"52.26815738, 10.54020285",
2023-01-25 13:18:20,Wednesday,8,"52.268146449, 10.539921497",
2023-01-25 13:18:30,Wednesday,8,"52.268121523, 10.539869224",
2023-01-25 13:18:40,Wednesday,8,"52.268120001, 10.539871858",
2023-01-25 13:18:50,Wednesday,8,"52.268119412, 10.539871784",
2023-01-25 13:19:00,Wednesday,8,"52.268100928, 10.539804719",
2023-01-25 13:19:10,Wednesday,8,"52.267989468, 10.539578321",
2023-01-25 13:19:20,Wednesday,8,"52.26792201, 10.539395866",
2023-01-25 13:19:30,Wednesday,8,"52.26789632, 10.53933807",
2023-01-25 13:19:30,Wednesday,8,"52.2678829577778, 10.5392913444444",
2023-01-25 13:19:40,Wednesday,8,"52.267874755, 10.539282661",
2023-01-25 13:19:50,Wednesday,8,"52.267873742, 10.539282893",
2023-01-25 13:20:00,Wednesday,8,"52.267873481, 10.539282497",
2023-01-25 13:20:10,Wednesday,8,"52.267876502, 10.539284929",33.3742633226
2023-01-25 13:20:20,Wednesday,8,"52.26787212, 10.53929477",33.3742633226
2023-01-25 13:20:30,Wednesday,8,"52.267867945, 10.539294212",33.3742633226
2023-01-25 13:20:40,Wednesday,8,"52.267873719, 10.539287161",33.3742633226
2023-01-25 13:20:50,Wednesday,8,"52.267874579, 10.5392909",
2023-01-25 13:21:00,Wednesday,8,"52.267875498, 10.539292607",
2023-01-25 13:21:10,Wednesday,8,"52.267877225, 10.539295235",
2023-01-25 13:21:20,Wednesday,8,"52.267877966, 10.53929696",
2023-01-25 13:21:30,Wednesday,8,"52.267878525, 10.539297486",
2023-01-25 13:21:40,Wednesday,8,"52.267878758, 10.539298702",
2023-01-25 13:21:50,Wednesday,8,"52.267879033, 10.539309886",
2023-01-25 13:22:00,Wednesday,8,"52.267875796, 10.539309691",
2023-01-25 13:22:10,Wednesday,8,"52.267851099, 10.539278408",
2023-01-25 13:22:20,Wednesday,8,"52.267862863, 10.539297571",
2023-01-25 13:22:30,Wednesday,8,"52.26781265, 10.539088981",
2023-01-25 13:22:40,Wednesday,8,"52.267493725, 10.537837202",32.1419832731
2023-01-25 13:22:50,Wednesday,8,"52.267075297, 10.536329996",32.1419832731
2023-01-25 13:23:00,Wednesday,8,"52.266880854, 10.53563925",32.1419832731
2023-01-25 13:23:10,Wednesday,8,"52.266866805, 10.535619676",31.3713213269
2023-01-25 13:23:20,Wednesday,8,"52.266822252, 10.53548976",24.4353638111
2023-01-25 13:23:30,Wednesday,8,"52.266541802, 10.534501375",24.4353638111
2023-01-25 13:23:40,Wednesday,8,"52.266284925, 10.533556388",24.39985094316
2023-01-25 13:23:50,Wednesday,8,"52.26629734, 10.532611047",24.0802351317
2023-01-25 13:24:00,Wednesday,8,"52.266129475, 10.531446193",24.0802351317
2023-01-25 13:24:10,Wednesday,8,"52.265941369, 10.531027839",23.83742157947
2023-01-25 13:24:20,Wednesday,8,"52.265869359, 10.530535911",21.6520996094
2023-01-25 13:24:30,Wednesday,8,"52.265815384, 10.530275868",21.6520996094
2023-01-25 13:24:40,Wednesday,8,"52.265805862, 10.530266135",21.40102812809
2023-01-25 13:24:50,Wednesday,8,"52.265802882, 10.530268027",19.1413847963
2023-01-25 13:25:00,Wednesday,8,"52.265800775, 10.530269724",19.1413847963
2023-01-25 13:25:10,Wednesday,8,"52.265798234, 10.530271618",19.38327847673
2023-01-25 13:25:20,Wednesday,8,"52.265767894, 10.530123329",21.5603216006
2023-01-25 13:25:30,Wednesday,8,"52.265720559, 10.529989674",21.5603216006
2023-01-25 13:25:40,Wednesday,8,"52.265708871, 10.529983661",21.5603216006
2023-01-25 13:25:50,Wednesday,8,"52.26567076, 10.529599741",
2023-01-25 13:26:00,Wednesday,8,"52.265560349, 10.528465079",
2023-01-25 13:26:10,Wednesday,8,"52.265456678, 10.527427032",
2023-01-25 13:26:20,Wednesday,8,"52.2653826, 10.526698301",
2023-01-25 13:26:30,Wednesday,8,"52.265277567, 10.526025504",
2023-01-25 13:26:40,Wednesday,8,"52.2652327885714, 10.5258056057143",
2023-01-25 13:26:40,Wednesday,8,"52.26522988, 10.5258130466667",
2023-01-25 13:26:50,Wednesday,8,"52.265263195, 10.525856702",
2023-01-25 13:27:00,Wednesday,8,"52.2652547, 10.525952217",
2023-01-25 13:27:10,Wednesday,8,"52.265116418, 10.52601001",
2023-01-25 13:27:20,Wednesday,8,"52.26508923, 10.526076135",
2023-01-25 13:27:30,Wednesday,8,"52.265113134, 10.526132861",
2023-01-25 13:27:40,Wednesday,8,"52.265053832, 10.526253599",
2023-01-25 13:27:50,Wednesday,8,"52.264963979, 10.52632849",
2023-01-25 13:28:00,Wednesday,8,"52.264825256, 10.526408187",
2023-01-25 13:28:10,Wednesday,8,"52.264685741, 10.526463487",
2023-01-25 13:28:20,Wednesday,8,"52.264594392, 10.526494653",
2023-01-25 13:28:30,Wednesday,8,"52.26453508, 10.52650553",
2023-01-25 13:28:30,Wednesday,8,"52.2645010311111, 10.5265215577778",
2023-01-25 13:28:40,Wednesday,8,"52.264492457, 10.526513562",
2023-01-25 13:28:50,Wednesday,8,"52.264494924, 10.526500726",
2023-01-25 13:29:00,Wednesday,8,"52.264484184, 10.526477361",
2023-01-25 13:29:10,Wednesday,8,"52.26444918, 10.526460104",23.8873733336
2023-01-25 13:29:20,Wednesday,8,"52.264434314, 10.526453141",23.8873733336
2023-01-25 13:29:30,Wednesday,8,"52.264414543, 10.526500973",23.8873733336
2023-01-25 13:29:40,Wednesday,8,"52.264116044, 10.526565907",23.8908437534
2023-01-25 13:29:50,Wednesday,8,"52.26386156, 10.526574311",23.9220775316
2023-01-25 13:30:00,Wednesday,8,"52.263524009, 10.526462768",23.9220775316
2023-01-25 13:30:10,Wednesday,8,"52.263223015, 10.526324576",24.3642239918
2023-01-25 13:30:20,Wednesday,8,"52.263108666, 10.526291244",28.3435421336
2023-01-25 13:30:30,Wednesday,8,"52.263070332, 10.526276195",28.3435421336
2023-01-25 13:30:40,Wednesday,8,"52.262664426, 10.526029412",28.78352939841
2023-01-25 13:30:50,Wednesday,8,"52.262228322, 10.52588408",32.7434147817
2023-01-25 13:30:50,Wednesday,8,"52.26232528, 10.525882938",32.7434147817
2023-01-25 13:31:00,Wednesday,8,"52.2621934542857, 10.5258996971429",32.7434147817
2023-01-25 13:31:00,Wednesday,8,"52.2621499933333, 10.5259159766667",32.7434147817
2023-01-25 13:31:10,Wednesday,8,"52.262138214, 10.525925626",33.12253246939
2023-01-25 13:31:20,Wednesday,8,"52.262128536, 10.525940191",36.5345916586
2023-01-25 13:31:30,Wednesday,8,"52.26209784, 10.525935431",36.5345916586
2023-01-25 13:31:40,Wednesday,8,"52.261674355, 10.525788498",36.69366205936
2023-01-25 13:31:50,Wednesday,8,"52.260968482, 10.525647677",38.1252956662
2023-01-25 13:32:00,Wednesday,8,"52.260256652, 10.525963103",38.1252956662
2023-01-25 13:32:10,Wednesday,8,"52.259610604, 10.526831538",37.83736280355
2023-01-25 13:32:20,Wednesday,8,"52.258978976, 10.527308273",35.2459670397
2023-01-25 13:32:30,Wednesday,8,"52.258771182, 10.527366513",35.2459670397
2023-01-25 13:32:40,Wednesday,8,"52.258771599, 10.527360423",34.91268366467
2023-01-25 13:32:50,Wednesday,8,"52.258769099, 10.527353532",31.9131332894
2023-01-25 13:33:00,Wednesday,8,"52.258721156, 10.527364161",31.9131332894
2023-01-30 13:29:30,Monday,9,"52.3153245, 10.559446",
2023-01-30 13:29:40,Monday,9,"52.3153245, 10.559446",
2023-01-30 13:31:30,Monday,9,"52.3153284, 10.5594485",
2023-01-30 13:31:40,Monday,9,"52.3153284, 10.5594485",
2023-01-30 13:32:50,Monday,9,"52.3149795, 10.5595859",
2023-01-30 13:33:00,Monday,9,"52.3151327, 10.5594081",
2023-01-30 13:33:20,Monday,9,"52.3153236, 10.559347",
2023-01-30 13:33:30,Monday,9,"52.3153236, 10.559347",
2023-01-30 13:33:50,Monday,9,"52.315486, 10.5594735",
2023-01-30 13:34:00,Monday,9,"52.315311, 10.5595872",
2023-01-30 13:34:10,Monday,9,"52.315311, 10.5595872",
2023-01-30 13:34:20,Monday,9,"52.315124, 10.5595645",
2023-01-30 13:34:30,Monday,9,"52.3149446, 10.5595388",
2023-01-30 13:34:40,Monday,9,"52.3149446, 10.5595388",
2023-01-30 13:34:50,Monday,9,"52.3147693, 10.5594527",
2023-01-30 13:35:00,Monday,9,"52.3147335, 10.5591345",
2023-01-30 13:35:10,Monday,9,"52.3147335, 10.5591345",
2023-01-30 13:35:20,Monday,9,"52.3147583, 10.5588402",
2023-01-30 13:59:20,Monday,9,"52.3146362, 10.55849475",23.5549998819
2023-01-30 13:59:30,Monday,9,"52.31455775, 10.55728577",23.5549998819
2023-01-30 13:59:40,Monday,9,"52.31417161, 10.55561967",24.56766347638
2023-01-30 13:59:50,Monday,9,"52.31382851, 10.55371613",33.6816358267
2023-01-30 14:00:00,Monday,9,"52.31387309, 10.55182023",33.6816358267
2023-01-30 14:00:10,Monday,9,"52.3141191, 10.54991137",35.90368967052
2023-01-30 14:00:20,Monday,9,"52.31424724, 10.5479536",55.9021742649
2023-01-30 14:00:30,Monday,9,"52.31426444, 10.54638052",55.9021742649
2023-01-30 14:00:40,Monday,9,"52.3142795, 10.5460725",55.9021742649
2023-01-30 14:00:50,Monday,9,"52.3142679, 10.5457229",65.2009092423
2023-01-30 14:01:00,Monday,9,"52.3142687222222, 10.5449980111111",65.2009092423
2023-01-30 14:01:10,Monday,9,"52.3142734, 10.5439577",65.2009092423
2023-01-30 14:01:10,Monday,9,"52.3142544, 10.5428167571429",65.7007189779286
2023-01-30 14:01:20,Monday,9,"52.3142680888889, 10.5418602",68.6995773917
2023-01-30 14:01:30,Monday,9,"52.3143158, 10.54059468",68.6995773917
2023-01-30 14:01:40,Monday,9,"52.31433831, 10.53872091",68.6478773617
2023-01-30 14:01:50,Monday,9,"52.3143944, 10.53738377",68.1825770917
2023-01-30 14:02:00,Monday,9,"52.3145588857143, 10.5368733714286",68.1825770917
2023-01-30 14:02:10,Monday,9,"52.3144387, 10.5364146625",66.6785742411
2023-01-30 14:02:20,Monday,9,"52.3144196, 10.53545063",56.1505542869
2023-01-30 14:02:30,Monday,9,"52.31447844, 10.53468668",56.1505542869
2023-01-30 14:02:40,Monday,9,"52.31417377, 10.53456167",56.35397559618
2023-01-30 14:02:50,Monday,9,"52.3140061, 10.5346504",58.1847673797
2023-01-30 14:03:00,Monday,9,"52.3136938428571, 10.5348474571429",58.1847673797
2023-01-30 14:03:10,Monday,9,"52.3132475666667, 10.5352347333333",58.1847673797
2023-01-30 14:03:10,Monday,9,"52.3127852285714, 10.5356753428571",58.4758705623
2023-01-30 14:03:20,Monday,9,"52.31228988, 10.53610853",60.2224896579
2023-01-30 14:03:30,Monday,9,"52.3115155333333, 10.5368429666667",60.2224896579
2023-01-30 14:03:40,Monday,9,"52.31078903, 10.53757486",59.94172465822
2023-01-30 14:03:50,Monday,9,"52.3105755, 10.5382455",57.4148396611
2023-01-30 14:04:00,Monday,9,"52.3107138444444, 10.5390617",57.4148396611
2023-01-30 14:04:10,Monday,9,"52.3107271, 10.54022198",57.41463796635
2023-01-30 14:04:20,Monday,9,"52.3107152333333, 10.5414653666667",57.4128227136
2023-01-30 14:04:30,Monday,9,"52.31037412, 10.54208257",57.4128227136
2023-01-30 14:04:40,Monday,9,"52.30952898, 10.54244527",56.36943847065
2023-01-30 14:04:50,Monday,9,"52.3091065111111, 10.5429000888889",46.9789802841
2023-01-30 14:05:00,Monday,9,"52.3091048, 10.5431951",46.9789802841
2023-01-30 14:05:10,Monday,9,"52.3091940166667, 10.5436219333333",45.4038305820333
2023-01-30 14:05:20,Monday,9,"52.3093922111111, 10.5444952666667",37.5280820717
2023-01-30 14:05:30,Monday,9,"52.30967464, 10.54588295",37.5280820717
2023-01-30 14:05:40,Monday,9,"52.3098897555556, 10.5469771111111",37.5280820717
2023-01-30 14:05:50,Monday,9,"52.30968587, 10.54753203",46.9984062896
2023-01-30 14:06:00,Monday,9,"52.3090203, 10.54765182",46.9984062896
2023-01-30 14:06:10,Monday,9,"52.30820371, 10.5478279",46.76762541775
2023-01-30 14:06:20,Monday,9,"52.30763642, 10.5479366",44.6905975711
2023-01-30 14:06:20,Monday,9,"52.30736062, 10.54794204",44.6905975711
2023-01-30 14:06:30,Monday,9,"52.3071851, 10.5479382",44.6905975711
2023-01-30 14:07:10,Monday,9,"52.3069736, 10.5480114",41.059822597375
2023-01-30 14:07:20,Monday,9,"52.3067608, 10.5481355444444",41.8566016774
2023-01-30 14:07:30,Monday,9,"52.3064109, 10.5482583",41.8566016774
2023-01-30 14:07:30,Monday,9,"52.3064805, 10.5482440333333",41.8566016774
2023-01-30 14:07:40,Monday,9,"52.3061234666667, 10.5482068222222",40.5752395175444
2023-01-30 14:07:50,Monday,9,"52.3056879, 10.54837812",30.3243422387
2023-01-30 14:08:00,Monday,9,"52.30519722, 10.54849197",30.3243422387
2023-01-30 14:08:10,Monday,9,"52.3046491555556, 10.5485844444444",30.4812662279111
2023-01-30 14:08:20,Monday,9,"52.3044272666667, 10.5484549166667",31.7366581416
2023-01-30 14:08:40,Monday,9,"52.3043272, 10.5481115",31.7366581416
2023-01-30 14:08:40,Monday,9,"52.3042457, 10.547755",34.4107316438
2023-01-30 14:08:50,Monday,9,"52.30419467, 10.5474747",34.4107316438
2023-01-30 14:09:00,Monday,9,"52.3040817888889, 10.5468188888889",34.4107316438
2023-01-30 14:09:10,Monday,9,"52.3040218, 10.5462496",34.4107316438
2023-01-30 14:09:50,Monday,9,"52.3039413, 10.5459595",44.0363481772
2023-01-30 14:10:00,Monday,9,"52.3038046, 10.54515815",44.0363481772
2023-01-30 14:10:00,Monday,9,"52.3038648, 10.5454511",44.0363481772
2023-01-30 14:10:10,Monday,9,"52.30361725, 10.54424054",43.7631340639
2023-01-30 14:10:20,Monday,9,"52.30342504, 10.54308419",41.3042070442
2023-01-30 14:10:30,Monday,9,"52.30322739, 10.54183445",41.3042070442
2023-01-30 14:10:40,Monday,9,"52.3030456888889, 10.5409089222222",41.3042070442
2023-01-30 14:10:40,Monday,9,"52.3029152, 10.5406768",39.8404228355
2023-01-30 14:10:50,Monday,9,"52.302669, 10.5406857",39.8404228355
2023-01-30 14:11:10,Monday,9,"52.3024392833333, 10.5408003833333",37.3905573960833
2023-01-30 14:11:20,Monday,9,"52.3019561444444, 10.5410649111111",25.141230199
2023-01-30 14:11:30,Monday,9,"52.30109679, 10.54144939",25.141230199
2023-01-30 14:11:40,Monday,9,"52.30017849, 10.54184728",25.80582128215
2023-01-30 14:11:50,Monday,9,"52.2993715, 10.5421809555556",31.7871410305
2023-01-30 14:12:10,Monday,9,"52.298965, 10.5423637142857",32.8129545620429
2023-01-30 14:12:20,Monday,9,"52.2984668555556, 10.5425305777778",38.9678357513
2023-01-30 14:12:30,Monday,9,"52.29759149, 10.54203213",38.9678357513
2023-01-30 14:12:40,Monday,9,"52.2967845444444, 10.5411212777778",39.0852291399
2023-01-30 14:12:50,Monday,9,"52.29587328, 10.54057491",40.0243762487
2023-01-30 14:13:00,Monday,9,"52.295367, 10.5404338",40.0243762487
2023-01-30 14:13:10,Monday,9,"52.2951444, 10.540381",36.2333179837
2023-01-31 13:19:00,Tuesday,10,"52.2600895, 10.52594922",
2023-01-31 14:14:50,Tuesday,10,"52.2600895, 10.52594922",13.6906946717857
2023-01-31 14:15:00,Tuesday,10,"52.2600895, 10.52594922",14.1599457355
2023-01-31 14:15:00,Tuesday,10,"52.2600895, 10.52594922",14.1599457355
2023-01-31 14:15:10,Tuesday,10,"52.2600895, 10.52594922",14.1599457355
2023-01-31 14:15:20,Tuesday,10,"52.2600895, 10.52594922",14.0771257635
2023-01-31 14:15:30,Tuesday,10,"52.2600895, 10.52594922",13.9943057915
2023-01-31 14:15:40,Tuesday,10,"52.2600895, 10.52594922",13.9943057915
2023-01-31 14:15:50,Tuesday,10,"52.2600895, 10.52594922",14.58059231325
2023-01-31 14:16:00,Tuesday,10,"52.2600895, 10.52594922",15.166878835
2023-01-31 14:16:10,Tuesday,10,"52.2600895, 10.52594922",15.166878835
2023-01-31 14:16:20,Tuesday,10,"52.2600895, 10.52594922",15.34259209045
2023-01-31 14:16:30,Tuesday,10,"52.2600895, 10.52594922",15.5183053459
2023-01-31 14:16:30,Tuesday,10,"52.2600895, 10.52594922",15.5183053459
2023-01-31 14:16:40,Tuesday,10,"52.2600895, 10.52594922",15.5183053459
2023-01-31 14:16:50,Tuesday,10,"52.2600895, 10.52594922",14.869590398
2023-01-31 14:17:00,Tuesday,10,"52.2600895, 10.52594922",14.2208754501
2023-01-31 14:17:10,Tuesday,10,"52.2600895, 10.52594922",14.2208754501
2023-01-31 14:17:20,Tuesday,10,"52.2600895, 10.52594922",14.37814902135
2023-01-31 14:17:30,Tuesday,10,"52.2600895, 10.52594922",14.5354225926
2023-01-31 14:17:30,Tuesday,10,"52.2600895, 10.52594922",14.5354225926
2023-01-31 14:17:40,Tuesday,10,"52.2600895, 10.52594922",14.5354225926
2023-01-31 14:17:50,Tuesday,10,"52.2600895, 10.52594922",14.2895194066
2023-01-31 14:18:00,Tuesday,10,"52.2600895, 10.52594922",14.0436162206
2023-01-31 14:18:10,Tuesday,10,"52.2600895, 10.52594922",14.0436162206
2023-01-31 14:18:10,Tuesday,10,"52.2600895, 10.52594922",14.0436162206
2023-01-31 14:18:20,Tuesday,10,"52.2600895, 10.52594922",14.0158966975
2023-01-31 14:18:30,Tuesday,10,"52.2600895, 10.52594922",13.9881771744
2023-01-31 14:18:40,Tuesday,10,"52.2600895, 10.52594922",13.9881771744
2023-01-31 14:18:50,Tuesday,10,"52.2600895, 10.52594922",13.4776654567
2023-01-31 14:19:00,Tuesday,10,"52.2600895, 10.52594922",12.967153739
2023-01-31 14:19:10,Tuesday,10,"52.2600895, 10.52594922",12.967153739
2023-01-31 14:19:10,Tuesday,10,"52.2600895, 10.52594922",12.967153739
2023-01-31 14:19:20,Tuesday,10,"52.2600895, 10.52594922",13.22407972585
2023-01-31 14:19:30,Tuesday,10,"52.2600895, 10.52594922",13.4810057127
2023-01-31 14:19:40,Tuesday,10,"52.2600895, 10.52594922",13.4810057127
2023-01-31 14:19:50,Tuesday,10,"52.2600895, 10.52594922",13.38847307285
2023-01-31 14:20:00,Tuesday,10,"52.2600895, 10.52594922",13.295940433
2023-01-31 14:20:10,Tuesday,10,"52.2600895, 10.52594922",13.295940433
2023-01-31 14:20:20,Tuesday,10,"52.2600895, 10.52594922",13.17160498225
2023-01-31 14:20:30,Tuesday,10,"52.2600895, 10.52594922",13.0472695315
2023-01-31 14:20:40,Tuesday,10,"52.2600895, 10.52594922",13.0472695315
2023-01-31 14:20:50,Tuesday,10,"52.2600895, 10.52594922",13.46525309635
2023-01-31 14:21:00,Tuesday,10,"52.2600895, 10.52594922",13.8832366612
2023-01-31 14:21:10,Tuesday,10,"52.2600895, 10.52594922",13.8832366612
2023-01-31 14:21:20,Tuesday,10,"52.2600895, 10.52594922",13.7089905901
2023-01-31 14:21:30,Tuesday,10,"52.2600895, 10.52594922",13.534744519
2023-01-31 14:21:40,Tuesday,10,"52.2600895, 10.52594922",13.534744519
2023-01-31 14:21:50,Tuesday,10,"52.2600895, 10.52594922",13.40367450335
2023-01-31 14:22:00,Tuesday,10,"52.2600895, 10.52594922",13.2726044877
2023-01-31 14:22:10,Tuesday,10,"52.2600895, 10.52594922",13.2726044877
2023-01-31 14:22:20,Tuesday,10,"52.2600895, 10.52594922",13.1060825862
2023-01-31 14:22:30,Tuesday,10,"52.2600895, 10.52594922",12.9395606847
2023-01-31 14:22:40,Tuesday,10,"52.2600895, 10.52594922",12.9395606847
2023-01-31 14:22:50,Tuesday,10,"52.2600895, 10.52594922",13.68737605995
2023-01-31 14:23:00,Tuesday,10,"52.2600895, 10.52594922",14.4351914352
2023-01-31 14:23:10,Tuesday,10,"52.2600895, 10.52594922",14.4351914352
2023-01-31 14:23:20,Tuesday,10,"52.2600895, 10.52594922",14.17927429415
2023-01-31 14:23:30,Tuesday,10,"52.2600895, 10.52594922",13.9233571531
2023-01-31 14:23:40,Tuesday,10,"52.2600895, 10.52594922",13.9233571531
2023-01-31 14:23:50,Tuesday,10,"52.2600895, 10.52594922",14.75461269915
2023-01-31 14:24:00,Tuesday,10,"52.2600895, 10.52594922",15.5858682452
2023-01-31 14:24:10,Tuesday,10,"52.2600895, 10.52594922",15.5858682452
2023-01-31 14:24:20,Tuesday,10,"52.2600895, 10.52594922",15.85723676755
2023-01-31 14:24:30,Tuesday,10,"52.2600895, 10.52594922",16.1286052899
2023-01-31 14:24:40,Tuesday,10,"52.2600895, 10.52594922",16.1286052899
2023-01-31 14:24:50,Tuesday,10,"52.2600895, 10.52594922",16.04746479835
2023-01-31 14:25:00,Tuesday,10,"52.2600895, 10.52594922",15.9663243068
2023-01-31 14:25:10,Tuesday,10,"52.2600895, 10.52594922",15.9663243068
2023-01-31 14:25:20,Tuesday,10,"52.2600895, 10.52594922",16.00164201465
2023-01-31 14:25:30,Tuesday,10,"52.2600895, 10.52594922",16.0369597225
2023-01-31 14:25:40,Tuesday,10,"52.2600895, 10.52594922",16.0369597225
2023-01-31 14:25:50,Tuesday,10,"52.2600895, 10.52594922",17.44541376945
2023-01-31 14:26:00,Tuesday,10,"52.2600895, 10.52594922",18.8538678164
2023-01-31 14:26:10,Tuesday,10,"52.2600895, 10.52594922",18.8538678164
2023-01-31 14:26:20,Tuesday,10,"52.2600895, 10.52594922",18.92557603585
2023-01-31 14:26:30,Tuesday,10,"52.2600895, 10.52594922",18.9972842553
2023-01-31 14:26:40,Tuesday,10,"52.2600895, 10.52594922",18.9972842553
2023-01-31 14:26:50,Tuesday,10,"52.2600895, 10.52594922",18.9972842553
2023-01-31 14:26:50,Tuesday,10,"52.2600895, 10.52594922",18.7534110256
2023-01-31 14:27:00,Tuesday,10,"52.2600895, 10.52594922",18.7534110256
2023-01-31 14:27:10,Tuesday,10,"52.2600895, 10.52594922",18.7534110256
2023-01-31 14:27:20,Tuesday,10,"52.2600895, 10.52594922",19.03257821295
2023-01-31 14:27:30,Tuesday,10,"52.2600895, 10.52594922",19.3117454003
2023-01-31 14:27:40,Tuesday,10,"52.2600895, 10.52594922",19.3117454003
2023-01-31 14:27:50,Tuesday,10,"52.2600895, 10.52594922",21.5152295097
2023-01-31 14:27:50,Tuesday,10,"52.2600895, 10.52594922",19.3117454003
2023-01-31 14:28:00,Tuesday,10,"52.2600895, 10.52594922",21.5152295097
2023-01-31 14:28:10,Tuesday,10,"52.2600895, 10.52594922",21.5152295097
2023-01-31 14:28:20,Tuesday,10,"52.2600895, 10.52594922",22.19582803365
2023-01-31 14:28:30,Tuesday,10,"52.2600895, 10.52594922",22.8764265576
2023-01-31 14:28:40,Tuesday,10,"52.2600895, 10.52594922",22.8764265576
2023-01-31 14:28:50,Tuesday,10,"52.2600895, 10.52594922",23.05705452765
2023-01-31 14:29:00,Tuesday,10,"52.2600895, 10.52594922",23.2376824977
2023-01-31 14:29:00,Tuesday,10,"52.2600895, 10.52594922",23.2376824977
2023-01-31 14:29:10,Tuesday,10,"52.2600895, 10.52594922",23.2376824977
2023-01-31 14:29:20,Tuesday,10,"52.2600895, 10.52594922",23.9443341397
2023-01-31 14:29:30,Tuesday,10,"52.2600895, 10.52594922",24.6509857817
2023-01-31 14:29:40,Tuesday,10,"52.2600895, 10.52594922",24.6509857817
2023-01-31 14:29:50,Tuesday,10,"52.2600895, 10.52594922",22.81209893595